"m1_x","m1_y","m1_z","m2_x","m2_y","m2_z","m3_x","m3_y","m3_z","m4_x","m4_y","m4_z","m5_x","m5_y","m5_z","m6_x","m6_y","m6_z"
31.3079166412354,229.219207763672,-2603.53442382812,6.42474794387817,224.007064819336,-2584.21362304688,-18.4780254364014,99.6761856079102,-2571.37841796875,-80.0996398925781,111.389144897461,-2507.90649414062,NA,NA,NA,-29.7408123016357,12.2963590621948,-2481.34057617188
30.503116607666,229.861038208008,-2603.58081054688,5.52315807342529,224.544372558594,-2584.22607421875,-18.4085178375244,100.119186401367,-2571.4052734375,-80.140380859375,111.562316894531,-2507.96020507812,NA,NA,NA,-29.9367523193359,12.6734523773193,-2481.47265625
30.0171432495117,230.208877563477,-2603.35522460938,4.92230367660522,224.814605712891,-2584.14892578125,-18.1237545013428,100.246452331543,-2571.267578125,-80.1047439575195,111.70979309082,-2507.97143554688,NA,NA,NA,-30.1489753723145,13.0160961151123,-2481.630859375
29.9078273773193,230.205276489258,-2603.01220703125,4.67355728149414,224.804382324219,-2583.91796875,-17.6921691894531,100.089050292969,-2571.00170898438,-79.98193359375,111.829368591309,-2507.95483398438,NA,NA,NA,-30.3650054931641,13.3498592376709,-2481.82934570312
30.1766891479492,229.8330078125,-2602.4873046875,4.7485466003418,224.482376098633,-2583.58129882812,-17.1481895446777,99.6658096313477,-2570.671875,-79.824348449707,111.911865234375,-2507.89794921875,NA,NA,NA,-30.5723438262939,13.6767883300781,-2481.99731445312
30.7936992645264,229.083343505859,-2601.7802734375,5.10947370529175,223.799835205078,-2583.18627929688,-16.5355796813965,98.940055847168,-2570.28515625,-79.6503601074219,111.958229064941,-2507.81762695312,NA,NA,NA,-30.7676658630371,13.9772005081177,-2482.15087890625
31.631275177002,227.970687866211,-2601.00463867188,5.62478303909302,222.760971069336,-2582.58129882812,-15.8914155960083,97.8680648803711,-2569.87548828125,-79.4541015625,111.983207702637,-2507.74389648438,NA,NA,NA,-30.9559898376465,14.2500610351562,-2482.240234375
32.4787254333496,226.581970214844,-2600.03955078125,6.15595006942749,221.404373168945,-2581.86376953125,-15.2293996810913,96.4459915161133,-2569.3505859375,-79.2085418701172,111.99723815918,-2507.66748046875,NA,NA,NA,-31.1204242706299,14.5000419616699,-2482.29028320312
33.1845703125,224.950958251953,-2598.85009765625,6.56896352767944,219.712356567383,-2581.03466796875,-14.6112594604492,94.6978759765625,-2568.81616210938,-78.9405822753906,111.990600585938,-2507.55908203125,NA,NA,NA,-31.25022315979,14.7337322235107,-2482.31274414062
33.6989898681641,223.010269165039,-2597.40942382812,6.82307481765747,217.697525024414,-2580.07153320312,-14.1378545761108,92.6012954711914,-2568.19970703125,-78.6745071411133,111.984443664551,-2507.42529296875,NA,NA,NA,-31.352087020874,14.944260597229,-2482.259765625
33.9570655822754,220.793746948242,-2596.13671875,6.84895896911621,215.432388305664,-2578.83276367188,-13.8612308502197,90.1994552612305,-2567.65356445312,-78.3925247192383,111.995758056641,-2507.28491210938,NA,NA,NA,-31.4117069244385,15.1166696548462,-2482.1796875
33.943302154541,218.295547485352,-2594.65576171875,6.65058851242065,212.886596679688,-2577.55786132812,-13.9489059448242,87.5242614746094,-2567.0361328125,-78.1527328491211,112.027870178223,-2507.0966796875,NA,NA,NA,-31.4451923370361,15.2334413528442,-2482.08276367188
33.6698417663574,215.541519165039,-2593.0546875,6.24660491943359,210.108367919922,-2576.02807617188,-14.4262971878052,84.6602783203125,-2566.45263671875,-77.9296798706055,112.055335998535,-2506.86010742188,NA,NA,NA,-31.4558296203613,15.2912273406982,-2481.9755859375
33.1740875244141,212.499252319336,-2591.486328125,5.62076425552368,207.094055175781,-2574.5029296875,-15.3427515029907,81.6414337158203,-2565.70336914062,-77.7306060791016,112.060874938965,-2506.58032226562,NA,NA,NA,-31.4507904052734,15.2931222915649,-2481.85375976562
32.4785537719727,209.252243041992,-2589.92138671875,4.78507995605469,203.928619384766,-2572.98022460938,-16.6597099304199,78.5328521728516,-2565.06103515625,-77.6092300415039,112.031921386719,-2506.26123046875,NA,NA,NA,-31.4355392456055,15.2395038604736,-2481.70678710938
31.6220474243164,205.8232421875,-2588.2783203125,3.8342297077179,200.596038818359,-2571.3759765625,-18.3423843383789,75.3244247436523,-2564.29516601562,-77.5648727416992,111.981422424316,-2505.93310546875,NA,NA,NA,-31.3912582397461,15.1343841552734,-2481.54736328125
30.565845489502,202.361404418945,-2586.681640625,2.70104718208313,197.197387695312,-2569.85668945312,-20.3216762542725,72.1120223999023,-2563.5634765625,-77.7494659423828,111.878395080566,-2505.62133789062,NA,NA,NA,-31.3415546417236,14.9795169830322,-2481.38745117188
29.3013076782227,198.891448974609,-2585.18798828125,1.36624038219452,193.826461791992,-2568.30419921875,-22.5268936157227,68.9461441040039,-2562.837890625,-78.0987701416016,111.787811279297,-2505.4794921875,NA,NA,NA,-31.2758979797363,14.7541751861572,-2481.19946289062
27.8972053527832,195.473495483398,-2583.82568359375,-0.102620884776115,190.511169433594,-2566.84448242188,-24.806676864624,65.8803482055664,-2562.13989257812,-78.4197845458984,111.706718444824,-2505.37329101562,NA,NA,NA,-31.1955814361572,14.4656581878662,-2481.01416015625
26.3817939758301,192.090270996094,-2582.54370117188,-1.64405786991119,187.270477294922,-2565.478515625,-27.1327457427979,62.8872146606445,-2561.41137695312,-78.71337890625,111.589950561523,-2505.62231445312,NA,NA,NA,-31.1112079620361,14.1155319213867,-2480.8203125
24.8202018737793,188.75422668457,-2581.46655273438,-3.17223405838013,184.107894897461,-2564.3115234375,-29.4369525909424,59.9994087219238,-2560.8095703125,-78.9801788330078,111.468040466309,-2505.84985351562,NA,NA,NA,-31.0201816558838,13.7178192138672,-2480.67822265625
23.3669509887695,185.505859375,-2580.61083984375,-4.60100984573364,181.052185058594,-2563.2470703125,-31.7068634033203,57.2658424377441,-2560.1396484375,-79.2201843261719,111.34098815918,-2506.05590820312,NA,NA,NA,-30.9428749084473,13.2848272323608,-2480.52172851562
22.1497821807861,182.324813842773,-2579.984375,-5.83278179168701,178.133377075195,-2562.42749023438,-33.922908782959,54.7047996520996,-2559.611328125,-79.4334030151367,111.208793640137,-2506.24047851562,NA,NA,NA,-30.8710041046143,12.8226327896118,-2480.42114257812
21.3019752502441,179.208602905273,-2579.56762695312,-6.7433443069458,175.325653076172,-2561.88012695312,-36.0073890686035,52.2920303344727,-2559.08129882812,-79.6198272705078,111.07145690918,-2506.40380859375,NA,NA,NA,-30.8133640289307,12.3287324905396,-2480.34204101562
20.8715019226074,176.114135742188,-2579.35571289062,-7.27010107040405,172.652008056641,-2561.49780273438,-37.920051574707,50.0444946289062,-2558.5966796875,-79.7794647216797,110.928977966309,-2506.54565429688,NA,NA,NA,-30.7780914306641,11.8018159866333,-2480.27514648438
20.8883647918701,172.99446105957,-2579.45092773438,-7.33557605743408,170.058715820312,-2561.52954101562,-39.6064910888672,47.96142578125,-2558.158203125,-79.9123077392578,110.781356811523,-2506.66625976562,NA,NA,NA,-30.7584209442139,11.2483758926392,-2480.27563476562
21.3299865722656,169.922897338867,-2579.57788085938,-6.952073097229,167.58073425293,-2561.63354492188,-41.1052474975586,46.0671577453613,-2557.734375,-80.0183639526367,110.62858581543,-2506.76538085938,NA,NA,NA,-30.7545280456543,10.6801052093506,-2480.3583984375
22.2344989776611,166.832794189453,-2579.96728515625,-6.1099214553833,165.167388916016,-2562.0205078125,-42.4131355285645,44.3494720458984,-2557.52368164062,-80.0976333618164,110.470672607422,-2506.84326171875,NA,NA,NA,-30.7584857940674,10.103066444397,-2480.4609375
23.5918464660645,163.767395019531,-2580.28515625,-4.82949781417847,162.801040649414,-2562.318359375,-43.5846900939941,42.7953910827637,-2557.41040039062,-80.1501083374023,110.307609558105,-2506.89990234375,NA,NA,NA,-30.7810211181641,9.52181720733643,-2480.59057617188
25.3404369354248,160.724746704102,-2580.5927734375,-3.17596435546875,160.477020263672,-2562.7412109375,-44.6756591796875,41.4260330200195,-2557.26733398438,-80.1757965087891,110.139404296875,-2506.93505859375,NA,NA,NA,-30.8258285522461,8.9539794921875,-2480.75537109375
27.4399509429932,157.705062866211,-2580.80834960938,-1.19196963310242,158.228088378906,-2563.09887695312,-45.6341438293457,40.2299995422363,-2557.24291992188,-80.174690246582,109.966049194336,-2506.94873046875,NA,NA,NA,-30.8785858154297,8.4088191986084,-2480.97583007812
29.7270812988281,154.741027832031,-2581.02099609375,1.01067340373993,156.039245605469,-2563.45727539062,-46.4667434692383,39.2344055175781,-2557.39135742188,-80.1467895507812,109.787551879883,-2506.94116210938,NA,NA,NA,-30.9438285827637,7.89449501037598,-2481.208984375
32.1275291442871,151.874038696289,-2581.0830078125,3.28175330162048,153.953109741211,-2563.79858398438,-47.1598091125488,38.3935852050781,-2557.52294921875,-80.0921020507812,109.603904724121,-2506.91235351562,NA,NA,NA,-31.0325145721436,7.40355253219604,-2481.60498046875
34.4979820251465,149.091232299805,-2581.29565429688,5.5607762336731,151.953079223633,-2564.19018554688,-47.7292747497559,37.6621704101562,-2557.66723632812,-80.0106201171875,109.415115356445,-2506.86206054688,NA,NA,NA,-31.1858215332031,6.90418672561646,-2482.21264648438
36.7582855224609,146.402053833008,-2581.49633789062,7.74353075027466,150.023880004883,-2564.54736328125,-48.2048263549805,36.9884414672852,-2557.75854492188,-79.9023513793945,109.221176147461,-2506.79028320312,NA,NA,NA,-31.350170135498,6.41495132446289,-2483.09692382812
38.817943572998,143.786209106445,-2581.66650390625,9.78112125396729,148.134262084961,-2564.86279296875,-48.6432800292969,36.3225021362305,-2557.83422851562,-79.7672958374023,109.022094726562,-2506.697265625,NA,NA,NA,-31.4649887084961,5.69583654403687,-2485.50610351562
40.6272811889648,141.285949707031,-2581.7734375,11.6313581466675,146.266738891602,-2565.1318359375,-49.0821723937988,35.6654968261719,-2557.91284179688,-79.6054458618164,108.817863464355,-2506.5830078125,NA,NA,NA,-31.5826244354248,5.00737333297729,-2487.79467773438
42.2249069213867,138.861328125,-2581.99487304688,13.2605743408203,144.455520629883,-2565.39770507812,-49.5430450439453,34.9953193664551,-2557.93627929688,-79.4168014526367,108.608489990234,-2506.447265625,NA,NA,NA,-31.7030773162842,4.34956169128418,-2489.96264648438
43.5736503601074,136.555862426758,-2582.07739257812,14.6723880767822,142.687515258789,-2565.56518554688,-50.0584297180176,34.3245811462402,-2557.95947265625,-79.2013702392578,108.393966674805,-2506.2900390625,NA,NA,NA,-31.8263473510742,3.72240161895752,-2492.01000976562
44.7192039489746,134.324020385742,-2582.0859375,15.8841991424561,140.97346496582,-2565.66577148438,-50.6491355895996,33.6620674133301,-2557.94311523438,-78.9591522216797,108.174301147461,-2506.11157226562,NA,NA,NA,-31.9524345397949,3.12589311599731,-2493.93676757812
45.7047348022461,132.195388793945,-2581.98974609375,16.9142971038818,139.315979003906,-2565.6376953125,-51.3093605041504,33.0389442443848,-2557.87426757812,-78.6901397705078,107.949493408203,-2505.91162109375,NA,NA,NA,-32.0813369750977,2.56003618240356,-2495.74291992188
46.5001029968262,130.159561157227,-2581.79345703125,17.7508182525635,137.712295532227,-2565.55419921875,-52.0350494384766,32.455436706543,-2557.748046875,-78.3943328857422,107.719535827637,-2505.6904296875,NA,NA,NA,-32.2130546569824,2.02483081817627,-2497.42846679688
47.1623268127441,128.255844116211,-2581.43286132812,18.4393215179443,136.207153320312,-2565.29516601562,-52.7977294921875,31.9079837799072,-2557.60009765625,-78.0717391967773,107.484428405762,-2505.44799804688,NA,NA,NA,-32.3475875854492,1.52027690410614,-2498.99340820312
47.6857299804688,126.505310058594,-2580.97094726562,18.9917583465576,134.805587768555,-2564.88720703125,-53.5894470214844,31.4097595214844,-2557.42602539062,-77.7223587036133,107.244178771973,-2505.18408203125,NA,NA,NA,-32.484935760498,1.04637444019318,-2500.43774414062
48.1112327575684,124.879341125488,-2580.41845703125,19.45432472229,133.485275268555,-2564.47436523438,-54.397647857666,30.9681186676025,-2557.31274414062,-77.6530303955078,107.236000061035,-2505.14526367188,NA,NA,NA,-32.6250991821289,0.603123486042023,-2501.76147460938
48.4579048156738,123.350662231445,-2579.88232421875,19.8573589324951,132.257064819336,-2563.95825195312,-55.2048454284668,30.5931243896484,-2557.14575195312,-77.5708694458008,107.247856140137,-2505.0185546875,NA,NA,NA,-32.7680816650391,0.190524011850357,-2502.96459960938
48.74169921875,121.93383026123,-2579.28930664062,20.1972923278809,131.122131347656,-2563.4248046875,-56.0117530822754,30.2884845733643,-2557.04345703125,-77.4880294799805,107.277885437012,-2505.01708984375,NA,NA,NA,-32.9138793945312,-0.191423982381821,-2504.04711914062
48.9928779602051,120.611228942871,-2578.80688476562,20.5126705169678,130.095474243164,-2562.9384765625,-56.7957344055176,30.0424976348877,-2556.88916015625,-77.4198684692383,107.32137298584,-2504.9580078125,NA,NA,NA,-33.0624923706055,-0.54272049665451,-2505.00903320312
49.212474822998,119.402198791504,-2578.34204101562,20.7809791564941,129.154495239258,-2562.53002929688,-57.517204284668,29.8515396118164,-2556.77465820312,-77.38671875,107.384147644043,-2504.94580078125,NA,NA,NA,-33.213924407959,-0.863365530967712,-2505.85034179688
49.4025192260742,118.339881896973,-2577.92993164062,21.0125732421875,128.317901611328,-2562.20336914062,-58.1477165222168,29.6960334777832,-2556.65771484375,-77.3460311889648,107.435699462891,-2504.75366210938,NA,NA,NA,-33.3681755065918,-1.1533590555191,-2506.57104492188
49.5602607727051,117.438789367676,-2577.57983398438,21.1945934295654,127.59839630127,-2561.93139648438,-58.6806602478027,29.550048828125,-2556.53051757812,-77.3193969726562,107.486511230469,-2504.6416015625,NA,NA,NA,-33.5252418518066,-1.41270112991333,-2507.17114257812
49.6835708618164,116.704582214355,-2577.32666015625,21.3286666870117,127.002716064453,-2561.68969726562,-59.1064414978027,29.4076690673828,-2556.44921875,-77.3068161010742,107.536575317383,-2504.60986328125,NA,NA,NA,-33.6851234436035,-1.64139175415039,-2507.65063476562
49.7905235290527,116.150894165039,-2577.09521484375,21.4208755493164,126.539138793945,-2561.5126953125,-59.4063720703125,29.2775764465332,-2556.41967773438,-77.3082885742188,107.585899353027,-2504.658203125,NA,NA,NA,-33.8478240966797,-1.83943092823029,-2508.00952148438
49.8642196655273,115.822998046875,-2576.8515625,21.4628868103027,126.238159179688,-2561.33740234375,-59.6099090576172,29.1696014404297,-2556.40747070312,-77.3113479614258,107.575286865234,-2504.49340820312,NA,NA,NA,-34.0133438110352,-2.00681853294373,-2508.24780273438
49.9150085449219,115.677207946777,-2576.62817382812,21.4710083007812,126.08381652832,-2561.181640625,-59.7252006530762,29.1111431121826,-2556.45336914062,-77.301025390625,107.58674621582,-2504.53344726562,NA,NA,NA,-34.1816787719727,-2.1435546875,-2508.36547851562
49.9333534240723,115.71752166748,-2576.40307617188,21.4417991638184,126.078018188477,-2561.00512695312,-59.7636871337891,29.1104564666748,-2556.54418945312,-77.2860488891602,107.594299316406,-2504.55712890625,NA,NA,NA,-34.3528289794922,-2.24963927268982,-2508.36254882812
49.932674407959,115.905303955078,-2576.212890625,21.3956661224365,126.203262329102,-2560.8056640625,-59.7368850708008,29.1701030731201,-2556.69458007812,-77.3119735717773,107.599967956543,-2504.53344726562,NA,NA,NA,-34.526798248291,-2.32507228851318,-2508.23901367188
49.9209022521973,116.218284606934,-2576.04028320312,21.3555679321289,126.42993927002,-2560.630859375,-59.6497535705566,29.2877197265625,-2556.89477539062,-77.3416290283203,107.616584777832,-2504.63427734375,NA,NA,NA,-34.7035865783691,-2.36985373497009,-2507.99487304688
49.9074897766113,116.623168945312,-2575.82275390625,21.3185367584229,126.750350952148,-2560.41772460938,-59.5281028747559,29.47340965271,-2557.16772460938,-77.3896865844727,107.633079528809,-2504.68994140625,NA,NA,NA,-34.8831901550293,-2.38398385047913,-2507.63012695312
49.9397315979004,117.112365722656,-2575.62426757812,21.3265342712402,127.130332946777,-2560.25122070312,-59.3622283935547,29.7037448883057,-2557.38623046875,-77.4296951293945,107.667694091797,-2504.7109375,NA,NA,NA,-35.0656127929688,-2.3674623966217,-2507.14477539062
50.009407043457,117.630661010742,-2575.4619140625,21.3694725036621,127.558311462402,-2560.06005859375,-59.1672973632812,29.980899810791,-2557.65307617188,-77.4516906738281,107.705192565918,-2504.75512695312,NA,NA,NA,-35.2508506774902,-2.32028961181641,-2506.53881835938
50.1222229003906,118.156623840332,-2575.28930664062,21.457347869873,128.013687133789,-2559.89599609375,-58.9304428100586,30.301097869873,-2557.92211914062,-77.473518371582,107.76203918457,-2504.7587890625,NA,NA,NA,-35.4389038085938,-2.24246525764465,-2505.81225585938
50.2530746459961,118.704208374023,-2575.193359375,21.580057144165,128.487808227539,-2559.7626953125,-58.6651000976562,30.6574020385742,-2558.14990234375,-77.4636001586914,107.808876037598,-2504.72705078125,NA,NA,NA,-35.6297760009766,-2.13398957252502,-2504.96533203125
50.2834854125977,119.274223327637,-2575.29565429688,21.6481094360352,129.001739501953,-2559.841796875,-58.3754577636719,31.0159454345703,-2558.37915039062,-77.4060516357422,107.862937927246,-2504.6806640625,NA,NA,NA,-35.8234634399414,-1.99486243724823,-2503.99780273438
50.1348571777344,119.918594360352,-2575.76831054688,21.5572452545166,129.569320678711,-2560.28149414062,-58.0342597961426,31.337776184082,-2558.51025390625,-77.3192901611328,107.906204223633,-2504.61865234375,NA,NA,NA,-36.0199699401855,-1.82508385181427,-2502.90991210938
49.7036514282227,120.697212219238,-2576.64379882812,21.2026195526123,130.222595214844,-2561.08081054688,-57.6925926208496,31.543176651001,-2558.53247070312,-77.2299270629883,107.955902099609,-2504.55078125,NA,NA,NA,-36.219295501709,-1.62465381622314,-2501.70141601562
48.9597702026367,121.687278747559,-2577.90014648438,20.5114803314209,130.996124267578,-2562.19458007812,-57.335823059082,31.6301727294922,-2558.46142578125,-77.1556625366211,107.969093322754,-2504.4208984375,NA,NA,NA,-36.4214363098145,-1.39357233047485,-2500.37255859375
47.8499221801758,122.923637390137,-2579.43676757812,19.4461097717285,131.951766967773,-2563.50463867188,-56.970142364502,31.6304092407227,-2558.34716796875,-77.0949554443359,107.967231750488,-2504.35595703125,NA,NA,NA,-36.6263961791992,-1.1318393945694,-2498.92309570312
46.2906608581543,124.535148620605,-2581.13745117188,17.985502243042,133.140411376953,-2564.9150390625,-56.6190223693848,31.5907649993896,-2558.21508789062,-77.0903167724609,107.951026916504,-2504.31469726562,NA,NA,NA,-36.834171295166,-0.839455008506775,-2497.35327148438
44.3377342224121,126.476058959961,-2582.78393554688,16.1353015899658,134.550399780273,-2566.24487304688,-56.3086624145508,31.5720672607422,-2558.15551757812,-77.1702041625977,107.932609558105,-2504.30419921875,NA,NA,NA,-37.0447616577148,-0.516419112682343,-2495.66284179688
42.0333404541016,128.697509765625,-2584.61938476562,13.9813976287842,136.150680541992,-2567.57836914062,-56.0434494018555,31.6437206268311,-2558.19116210938,-77.3703918457031,107.917839050293,-2504.3408203125,NA,NA,NA,-37.258171081543,-0.162731751799583,-2493.85205078125
39.5168075561523,131.059982299805,-2586.33154296875,11.6504993438721,137.892227172852,-2568.80908203125,-55.8756256103516,31.862886428833,-2558.37573242188,-77.6786651611328,107.922737121582,-2504.55151367188,NA,NA,NA,-37.4743957519531,0.221607074141502,-2491.92065429688
36.8888092041016,133.470138549805,-2587.95483398438,9.18913650512695,139.726989746094,-2570.06396484375,-55.815845489502,32.2759552001953,-2558.7509765625,-77.9724273681641,107.931365966797,-2504.74877929688,NA,NA,NA,-37.6934394836426,0.636597394943237,-2489.86865234375
34.1658782958984,135.899139404297,-2589.61279296875,6.66721439361572,141.594482421875,-2571.33032226562,-55.8654556274414,32.8612022399902,-2559.31176757812,-78.2516784667969,107.943725585938,-2504.9326171875,NA,NA,NA,-37.9153022766113,1.08223915100098,-2487.6962890625
31.3944988250732,138.350479125977,-2591.142578125,4.05759525299072,143.481689453125,-2572.56176757812,-55.9989433288574,33.5670585632324,-2559.96533203125,-78.5164184570312,107.959815979004,-2505.10278320312,NA,NA,NA,-38.0583343505859,1.27361989021301,-2487.19848632812
28.5177593231201,140.765121459961,-2592.71484375,1.37971341609955,145.348526000977,-2573.7490234375,-56.1898460388184,34.3331489562988,-2560.62963867188,-78.7666473388672,107.979637145996,-2505.25952148438,NA,NA,NA,-38.1617126464844,1.48991465568542,-2486.87329101562
25.5383586883545,143.159927368164,-2594.13549804688,-1.39784812927246,147.172500610352,-2574.82397460938,-56.3726921081543,35.0834999084473,-2561.26293945312,-79.0023651123047,108.003189086914,-2505.40258789062,NA,NA,NA,-38.2509880065918,1.6629604101181,-2486.83056640625
22.4930896759033,145.495162963867,-2595.48681640625,-4.2013635635376,148.942764282227,-2575.75439453125,-56.5118675231934,35.7523040771484,-2561.76879882812,-79.2235717773438,108.030471801758,-2505.5322265625,NA,NA,NA,-38.4466514587402,1.80781471729279,-2487.00317382812
19.4219589233398,147.778472900391,-2596.72094726562,-7.0376935005188,150.63688659668,-2576.646484375,-56.5767822265625,36.3329467773438,-2562.2099609375,-79.4302673339844,108.061485290527,-2505.64819335938,NA,NA,NA,-38.7253723144531,2.01225233078003,-2487.31518554688
16.4505920410156,149.992797851562,-2597.97387695312,-9.76710796356201,152.25715637207,-2577.53857421875,-56.5217628479004,36.8635711669922,-2562.57958984375,-79.6224517822266,108.096229553223,-2505.75073242188,NA,NA,NA,-39.0005645751953,2.31093668937683,-2487.6591796875
13.5667247772217,152.129028320312,-2598.98950195312,-12.3854742050171,153.816955566406,-2578.33422851562,-56.3558692932129,37.4187889099121,-2562.92700195312,-79.8001251220703,108.134704589844,-2505.83984375,NA,NA,NA,-39.3004722595215,2.64730954170227,-2488.00048828125
10.9657640457153,154.174926757812,-2599.97583007812,-14.7784509658813,155.323196411133,-2579.07836914062,-56.0430679321289,38.0202369689941,-2563.32568359375,-79.9632873535156,108.176910400391,-2505.91528320312,NA,NA,NA,-39.5760269165039,2.972975730896,-2488.30346679688
8.64327716827393,156.136749267578,-2600.78881835938,-16.919994354248,156.781097412109,-2579.66845703125,-55.6429786682129,38.6857795715332,-2563.7666015625,-80.1119384765625,108.222846984863,-2505.97705078125,NA,NA,NA,-39.7785453796387,3.29050397872925,-2488.56127929688
6.64375305175781,158.063552856445,-2601.41259765625,-18.7823104858398,158.206802368164,-2580.20263671875,-55.1728019714355,39.4388885498047,-2564.26782226562,-80.2460784912109,108.272514343262,-2506.025390625,NA,NA,NA,-39.9364738464355,3.59890913963318,-2488.73974609375
4.94428300857544,159.912139892578,-2601.84033203125,-20.3171234130859,159.628921508789,-2580.58813476562,-54.6778869628906,40.2752342224121,-2564.78930664062,-80.3657073974609,108.325912475586,-2506.06030273438,NA,NA,NA,-40.0800552368164,3.89384531974792,-2488.8642578125
3.56691741943359,161.674163818359,-2602.0908203125,-21.5709743499756,161.034912109375,-2580.70532226562,-54.1694259643555,41.1619834899902,-2565.22827148438,-80.470832824707,108.383041381836,-2506.08154296875,NA,NA,NA,-40.24658203125,4.16570854187012,-2488.9189453125
2.53118395805359,163.363754272461,-2602.20288085938,-22.5314407348633,162.384811401367,-2580.68603515625,-53.6660842895508,42.0920104980469,-2565.65380859375,-80.5614471435547,108.443901062012,-2506.08911132812,NA,NA,NA,-40.4234924316406,4.41414546966553,-2488.974609375
1.81368803977966,164.921737670898,-2602.12182617188,-23.1785659790039,163.688629150391,-2580.53344726562,-53.2194786071777,43.0252532958984,-2566.14331054688,-80.6375579833984,108.508491516113,-2506.08325195312,NA,NA,NA,-40.6099891662598,4.63107204437256,-2489.05517578125
1.44705235958099,166.319488525391,-2601.81982421875,-23.4948196411133,164.891983032227,-2580.26708984375,-52.8205718994141,43.941822052002,-2566.6015625,-80.6991577148438,108.576812744141,-2506.06396484375,NA,NA,NA,-40.7784461975098,4.8173828125,-2489.13549804688
1.44944858551025,167.573837280273,-2601.3994140625,-23.4989852905273,165.967758178711,-2579.85571289062,-52.4603843688965,44.8420715332031,-2567.07299804688,-80.7462539672852,108.648864746094,-2506.03100585938,NA,NA,NA,-40.8898849487305,4.97363185882568,-2489.19677734375
1.7961802482605,168.642120361328,-2600.75244140625,-23.2092590332031,166.94465637207,-2579.19775390625,-52.1425704956055,45.6860618591309,-2567.3828125,-80.7788391113281,108.724647521973,-2505.984375,NA,NA,NA,-40.9141159057617,5.10516214370728,-2489.228515625
2.47808575630188,169.567504882812,-2599.88134765625,-22.6131153106689,167.78369140625,-2578.45825195312,-51.8182601928711,46.460865020752,-2567.62084960938,-80.7969207763672,108.804161071777,-2505.92431640625,NA,NA,NA,-40.8303413391113,5.20677375793457,-2489.31127929688
3.46631956100464,170.33186340332,-2598.85815429688,-21.739330291748,168.489730834961,-2577.5849609375,-51.4594459533691,47.1629447937012,-2567.79174804688,-80.8004913330078,108.887405395508,-2505.85083007812,NA,NA,NA,-40.5777282714844,5.23644351959229,-2489.45703125
4.77448081970215,170.935607910156,-2597.6689453125,-20.6285133361816,169.083938598633,-2576.55444335938,-51.0261459350586,47.8049163818359,-2567.95288085938,-80.78955078125,108.97437286377,-2505.763671875,NA,NA,NA,-40.3901481628418,5.18685150146484,-2489.73559570312
6.34937238693237,171.475021362305,-2596.33520507812,-19.2936611175537,169.604187011719,-2575.41748046875,-50.525447845459,48.3859252929688,-2568.08471679688,-80.7641067504883,109.065071105957,-2505.6630859375,NA,NA,NA,-40.5449028015137,5.13231754302979,-2489.96044921875
8.07205677032471,171.891967773438,-2594.84814453125,-17.7718334197998,170.023773193359,-2574.197265625,-49.9280319213867,48.9198112487793,-2568.16088867188,-80.7241592407227,109.159492492676,-2505.548828125,NA,NA,NA,-40.5350875854492,5.37971210479736,-2489.6337890625
9.95162963867188,172.130966186523,-2593.31909179688,-16.1109561920166,170.309936523438,-2572.88403320312,-49.2532119750977,49.3964309692383,-2568.16796875,-80.6697006225586,109.25764465332,-2505.4208984375,NA,NA,NA,-40.2956047058105,5.68842172622681,-2489.23291015625
11.9388589859009,172.225982666016,-2591.73852539062,-14.3814840316772,170.468521118164,-2571.56982421875,-48.5982894897461,49.7911186218262,-2568.09814453125,-80.6007385253906,109.359519958496,-2505.27954101562,NA,NA,NA,-40.0344390869141,5.75508117675781,-2489.07739257812
13.9273624420166,172.168151855469,-2590.14477539062,-12.6265621185303,170.515609741211,-2570.2314453125,-48.0279731750488,50.0539817810059,-2567.90258789062,-80.5172653198242,109.465126037598,-2505.12475585938,NA,NA,NA,-39.9224662780762,5.61180019378662,-2489.05932617188
15.9046201705933,171.98779296875,-2588.58862304688,-10.8888463973999,170.459655761719,-2568.85522460938,-47.5283584594727,50.2355613708496,-2567.59106445312,-80.4192810058594,109.57445526123,-2504.95629882812,NA,NA,NA,-39.9154663085938,5.47932529449463,-2489.0302734375
17.7650680541992,171.713851928711,-2587.08813476562,-9.21746921539307,170.315963745117,-2567.55981445312,-47.0849533081055,50.3852081298828,-2567.2177734375,-80.3067932128906,109.687515258789,-2504.77416992188,NA,NA,NA,-39.9106788635254,5.43758058547974,-2488.91284179688
19.4766445159912,171.380889892578,-2585.70239257812,-7.67042636871338,170.119705200195,-2566.35717773438,-46.6252555847168,50.4874534606934,-2566.84057617188,-80.179801940918,109.804298400879,-2504.57861328125,NA,NA,NA,-39.8912734985352,5.44639587402344,-2488.72241210938
21.0162258148193,171.020858764648,-2584.41967773438,-6.27746486663818,169.87873840332,-2565.23901367188,-46.1199607849121,50.5248756408691,-2566.38305664062,-80.0382995605469,109.924812316895,-2504.36962890625,NA,NA,NA,-39.8353004455566,5.41567325592041,-2488.51196289062
22.3026447296143,170.688507080078,-2583.25732421875,-5.07896900177002,169.626022338867,-2564.17895507812,-45.5244789123535,50.4787826538086,-2565.87915039062,-79.8822860717773,110.049049377441,-2504.14697265625,NA,NA,NA,-39.6823921203613,5.29474878311157,-2488.3203125
23.3457317352295,170.425140380859,-2582.1875,-4.11325693130493,169.382843017578,-2563.19555664062,-44.8247146606445,50.3109931945801,-2565.27416992188,-79.7117691040039,110.177017211914,-2503.91064453125,NA,NA,NA,-39.4356575012207,5.11504411697388,-2488.14111328125
24.1506080627441,170.228958129883,-2581.14526367188,-3.37010979652405,169.150405883789,-2562.29028320312,-44.033073425293,50.0544090270996,-2564.6630859375,-79.5267486572266,110.308715820312,-2503.66088867188,NA,NA,NA,-39.1617622375488,4.93893241882324,-2487.97265625
24.7646026611328,170.115097045898,-2580.2109375,-2.79242587089539,168.941146850586,-2561.40673828125,-43.1657829284668,49.7185935974121,-2564.01708984375,-79.3272171020508,110.444137573242,-2503.3974609375,NA,NA,NA,-38.8995590209961,4.80286693572998,-2487.77734375
25.2431888580322,170.074310302734,-2579.27807617188,-2.36066174507141,168.76692199707,-2560.564453125,-42.2773399353027,49.3557090759277,-2563.4814453125,-79.1131744384766,110.583282470703,-2503.12060546875,NA,NA,NA,-38.6464729309082,4.72027683258057,-2487.56982421875
25.6611232757568,170.110748291016,-2578.39428710938,-2.00849771499634,168.639877319336,-2559.74536132812,-41.3882369995117,49.0064697265625,-2562.912109375,-78.8846282958984,110.72615814209,-2502.83032226562,NA,NA,NA,-38.3740272521973,4.68949747085571,-2487.3779296875
26.0791053771973,170.220947265625,-2577.46655273438,-1.68522584438324,168.574996948242,-2558.92749023438,-40.5507125854492,48.723014831543,-2562.42309570312,-78.6415710449219,110.872756958008,-2502.5263671875,NA,NA,NA,-38.0774040222168,4.70466661453247,-2487.16723632812
26.5212116241455,170.379791259766,-2576.52514648438,-1.36505544185638,168.582870483398,-2558.14794921875,-39.7901420593262,48.5576553344727,-2562.02368164062,-78.3840103149414,111.023086547852,-2502.208984375,NA,NA,NA,-37.7306098937988,4.76280546188354,-2486.94921875
26.99049949646,170.639663696289,-2575.53540039062,-1.00959742069244,168.683929443359,-2557.36694335938,-39.1169662475586,48.544132232666,-2561.68286132812,-78.111946105957,111.177146911621,-2501.8779296875,NA,NA,NA,-37.3206748962402,4.8651647567749,-2486.7353515625
27.4853324890137,170.994049072266,-2574.5244140625,-0.658582985401154,168.908935546875,-2556.50170898438,-38.5070571899414,48.6822471618652,-2561.41455078125,-77.8253707885742,111.334930419922,-2501.533203125,NA,NA,NA,-36.8811492919922,4.99937582015991,-2486.51196289062
28.0033588409424,171.398880004883,-2573.42138671875,-0.258963108062744,169.211364746094,-2555.63647460938,-37.9001312255859,48.9666786193848,-2561.2802734375,-77.6877670288086,111.429000854492,-2501.40673828125,NA,NA,NA,-36.4111061096191,5.15046739578247,-2486.27783203125
28.5193099975586,171.928909301758,-2572.24877929688,0.123836018145084,169.624145507812,-2554.68359375,-37.2848014831543,49.3722915649414,-2561.138671875,-77.5344467163086,111.535194396973,-2501.10375976562,NA,NA,NA,-35.9605598449707,5.32886266708374,-2486.048828125
29.0352001190186,172.592727661133,-2571.05029296875,0.500533640384674,170.134063720703,-2553.61791992188,-36.6341743469238,49.8692016601562,-2561.09130859375,-77.3655166625977,111.670486450195,-2500.99365234375,NA,NA,NA,-35.5004119873047,5.56097888946533,-2485.84155273438
29.6340599060059,173.145843505859,-2569.81030273438,1.01733338832855,170.640991210938,-2552.49438476562,-35.9701499938965,50.3859443664551,-2561.02563476562,-77.1839141845703,111.833374023438,-2500.86889648438,NA,NA,NA,-34.9821891784668,5.86097049713135,-2485.6337890625
30.4325523376465,173.727569580078,-2568.669921875,1.74252021312714,171.101058959961,-2551.453125,-35.3119964599609,50.9132957458496,-2560.91088867188,-77.0164108276367,112.019355773926,-2500.7197265625,NA,NA,NA,-34.3748245239258,6.23078870773315,-2485.40234375
31.6010227203369,174.133697509766,-2567.5439453125,2.7734899520874,171.509216308594,-2550.4912109375,-34.6282539367676,51.4302520751953,-2560.76611328125,-76.7892150878906,112.217140197754,-2500.58276367188,NA,NA,NA,-33.7373466491699,6.62947177886963,-2485.15234375
33.2744064331055,174.326293945312,-2566.3564453125,4.21223783493042,171.773727416992,-2549.51513671875,-33.9226684570312,51.9089889526367,-2560.53930664062,-76.5324783325195,112.409210205078,-2500.490234375,NA,NA,NA,-33.168384552002,7.00323581695557,-2484.8837890625
35.517391204834,174.094772338867,-2565.08862304688,6.17329168319702,171.843536376953,-2548.57470703125,-33.1671295166016,52.361457824707,-2560.3408203125,-76.2709579467773,112.606552124023,-2500.34399414062,NA,NA,NA,-32.6825485229492,7.38265657424927,-2484.57885742188
38.2752990722656,173.60986328125,-2563.55444335938,8.5474739074707,171.72834777832,-2547.57250976562,-32.3166313171387,52.7821807861328,-2559.99609375,-75.9287338256836,112.820014953613,-2500.12915039062,NA,NA,NA,-32.2491111755371,7.78740501403809,-2484.28466796875
41.3490142822266,172.959564208984,-2561.87329101562,11.2308597564697,171.496292114258,-2546.42944335938,-31.321756362915,53.1645431518555,-2559.64038085938,-75.582405090332,113.053169250488,-2499.83911132812,NA,NA,NA,-31.8901920318604,8.17427349090576,-2483.9990234375
44.6791763305664,172.192169189453,-2559.87353515625,14.1382436752319,171.159271240234,-2545.103515625,-30.1649703979492,53.5017433166504,-2559.14111328125,-75.1400756835938,113.327629089355,-2499.57470703125,NA,NA,NA,-31.5791759490967,8.52625560760498,-2483.76538085938
48.1411323547363,171.367416381836,-2557.61474609375,17.2071857452393,170.763107299805,-2543.57836914062,-28.8279972076416,53.8272018432617,-2558.564453125,-74.6806182861328,113.646690368652,-2499.33178710938,NA,NA,NA,-31.2345199584961,8.91232585906982,-2483.48852539062
51.6871070861816,170.518676757812,-2555.03833007812,20.3302783966064,170.35124206543,-2541.74780273438,-27.3151626586914,54.1569671630859,-2557.98291015625,-74.1469879150391,113.999145507812,-2499.12353515625,NA,NA,NA,-30.8845863342285,9.25224685668945,-2483.2373046875
55.2211074829102,169.705764770508,-2552.0966796875,23.4766216278076,169.951995849609,-2539.58740234375,-25.6691799163818,54.5181312561035,-2557.25927734375,-73.5401382446289,114.398971557617,-2498.87524414062,NA,NA,NA,-30.5733604431152,9.54170417785645,-2483.00390625
58.6945114135742,169.003448486328,-2548.80419921875,26.5629405975342,169.600830078125,-2537.07397460938,-23.9398365020752,54.9350738525391,-2556.48364257812,-72.8709106445312,114.829124450684,-2498.55224609375,NA,NA,NA,-30.2852897644043,9.8282299041748,-2482.74755859375
62.065990447998,168.418869018555,-2545.11010742188,29.5557346343994,169.33708190918,-2534.31665039062,-22.091682434082,55.4533882141113,-2555.68872070312,-72.1428833007812,115.278686523438,-2498.23681640625,NA,NA,NA,-30.0141277313232,10.1355838775635,-2482.51684570312
65.2600860595703,167.981887817383,-2541.06762695312,32.3810615539551,169.181732177734,-2531.31372070312,-20.1924571990967,56.0665893554688,-2554.7578125,-71.3919830322266,115.752754211426,-2497.9873046875,NA,NA,NA,-29.7788772583008,10.473804473877,-2482.23950195312
68.1967315673828,167.73274230957,-2536.8037109375,34.9638557434082,169.157516479492,-2528.017578125,-18.2603206634521,56.7761192321777,-2553.796875,-70.6203231811523,116.274963378906,-2497.73046875,NA,NA,NA,-29.55348777771,10.8449811935425,-2481.9501953125
70.7976150512695,167.729125976562,-2532.23291015625,37.2538414001465,169.268081665039,-2524.50170898438,-16.2902584075928,57.567569732666,-2552.87670898438,-69.8610382080078,116.845123291016,-2497.37451171875,NA,NA,NA,-29.3520965576172,11.2400732040405,-2481.62719726562
72.9904708862305,167.96240234375,-2527.42456054688,39.1297492980957,169.516540527344,-2520.80053710938,-14.3041067123413,58.4530143737793,-2551.908203125,-69.161018371582,117.434494018555,-2496.95629882812,NA,NA,NA,-29.1716041564941,11.6260280609131,-2481.32739257812
74.6704406738281,168.456436157227,-2522.53588867188,40.5858421325684,169.915100097656,-2516.96313476562,-12.2894153594971,59.410587310791,-2551.00317382812,-68.4791030883789,118.020500183105,-2496.37182617188,NA,NA,NA,-28.9919414520264,11.9945468902588,-2481.05981445312
75.8650207519531,169.181228637695,-2517.73706054688,41.5802688598633,170.447113037109,-2513.07446289062,-10.2704553604126,60.4282913208008,-2550.09912109375,-67.786994934082,118.512962341309,-2495.83056640625,NA,NA,NA,-28.8265285491943,12.3281202316284,-2480.81518554688
76.5819854736328,170.10676574707,-2512.97436523438,42.1440773010254,171.079162597656,-2509.30419921875,-8.26450347900391,61.4444274902344,-2549.26025390625,-67.1131134033203,118.914962768555,-2495.35620117188,NA,NA,NA,-28.6732063293457,12.6313390731812,-2480.63330078125
76.8771286010742,171.171630859375,-2508.5,42.3161811828613,171.768218994141,-2505.76123046875,-6.30366134643555,62.4289169311523,-2548.44799804688,-66.4088592529297,119.245292663574,-2494.884765625,NA,NA,NA,-28.5537033081055,12.8908128738403,-2480.50756835938
76.8051452636719,172.297653198242,-2504.40380859375,42.1595344543457,172.496170043945,-2502.50830078125,-4.44076490402222,63.3338165283203,-2547.68994140625,-65.6986999511719,119.476806640625,-2494.580078125,NA,NA,NA,-28.4891204833984,13.1046123504639,-2480.4267578125
76.448844909668,173.433074951172,-2500.783203125,41.756519317627,173.21598815918,-2499.72241210938,-2.72304272651672,64.1364135742188,-2546.97045898438,-64.8278274536133,119.602973937988,-2494.53930664062,NA,NA,NA,-28.4867248535156,13.2667922973633,-2480.41870117188
75.8767242431641,174.530975341797,-2497.66528320312,41.170654296875,173.896743774414,-2497.42846679688,-1.187251329422,64.7941513061523,-2546.32080078125,-64.5575790405273,119.735107421875,-2494.36450195312,NA,NA,NA,-28.5660362243652,13.3815898895264,-2480.49951171875
75.1508331298828,175.574035644531,-2495.24072265625,40.4697532653809,174.5244140625,-2495.65283203125,0.149416893720627,65.2843933105469,-2545.70751953125,-64.3348541259766,119.885101318359,-2494.08081054688,NA,NA,NA,-28.6965045928955,13.4604587554932,-2480.64868164062
74.3327255249023,176.562973022461,-2493.44360351562,39.6924133300781,175.083053588867,-2494.42407226562,1.23000466823578,65.6310272216797,-2545.20239257812,-64.0524597167969,119.984680175781,-2494.00756835938,NA,NA,NA,-28.8607501983643,13.5239753723145,-2480.84301757812
73.4601898193359,177.481689453125,-2492.32666015625,38.8932647705078,175.590057373047,-2493.6875,2.00851726531982,65.8473663330078,-2544.8056640625,-64.119987487793,120.095993041992,-2493.87841796875,NA,NA,NA,-29.0567569732666,13.5648012161255,-2481.05834960938
72.5589218139648,178.339019775391,-2491.75048828125,38.0821990966797,176.053253173828,-2493.435546875,2.46253085136414,65.9812393188477,-2544.51293945312,-64.1314468383789,120.215721130371,-2493.72924804688,NA,NA,NA,-29.2911262512207,13.5857782363892,-2481.29028320312
71.6505661010742,179.123336791992,-2491.7373046875,37.2495384216309,176.4921875,-2493.60131835938,2.61452198028564,66.0762939453125,-2544.38696289062,-64.1852951049805,120.292373657227,-2493.68627929688,NA,NA,NA,-29.5823860168457,13.5854787826538,-2481.53564453125
70.7919158935547,179.836776733398,-2492.1689453125,36.4362297058105,176.915924072266,-2494.04467773438,2.48497533798218,66.1735610961914,-2544.42895507812,-64.3246307373047,120.339012145996,-2493.67724609375,NA,NA,NA,-29.8971786499023,13.5561923980713,-2481.79809570312
69.9349060058594,180.513854980469,-2492.95361328125,35.6035957336426,177.360382080078,-2494.748046875,2.11138224601746,66.3115234375,-2544.63598632812,-64.5718383789062,120.361961364746,-2493.72875976562,NA,NA,NA,-30.2346019744873,13.4944219589233,-2482.06640625
69.0588150024414,181.209533691406,-2494.02880859375,34.7577247619629,177.830093383789,-2495.66552734375,1.53843128681183,66.5295104980469,-2545.04907226562,-64.9274444580078,120.376197814941,-2493.8212890625,NA,NA,NA,-30.5802612304688,13.4173240661621,-2482.32690429688
68.1279754638672,181.944488525391,-2495.25341796875,33.8646278381348,178.356369018555,-2496.66235351562,0.82032036781311,66.8381729125977,-2545.50927734375,-65.3224411010742,120.409996032715,-2493.9208984375,NA,NA,NA,-30.9485721588135,13.3445749282837,-2482.56787109375
67.0937042236328,182.741073608398,-2496.50415039062,32.8743171691895,178.949356079102,-2497.7177734375,-0.0185208655893803,67.2488174438477,-2546.14721679688,-65.7816162109375,120.470649719238,-2494.03686523438,NA,NA,NA,-31.3451385498047,13.2812519073486,-2482.78833007812
65.9407577514648,183.62890625,-2497.75048828125,31.7244682312012,179.624053955078,-2498.8115234375,-0.890415668487549,67.7718200683594,-2546.83959960938,-66.2303771972656,120.565063476562,-2494.16430664062,NA,NA,NA,-31.7329196929932,13.2160987854004,-2482.9658203125
64.5926208496094,184.647598266602,-2498.98828125,30.3997039794922,180.390029907227,-2499.85302734375,-1.75321733951569,68.3814392089844,-2547.64501953125,-66.6794891357422,120.68643951416,-2494.27490234375,NA,NA,NA,-32.1001396179199,13.1392297744751,-2483.11645507812
63.009693145752,185.799926757812,-2500.08984375,28.8773231506348,181.212875366211,-2500.7373046875,-2.57258200645447,69.0774230957031,-2548.44897460938,-67.1473083496094,120.814872741699,-2494.38525390625,NA,NA,NA,-32.451774597168,13.0436744689941,-2483.2431640625
61.2404937744141,187.046020507812,-2501.04272460938,27.1844043731689,182.086135864258,-2501.45922851562,-3.33538246154785,69.8336791992188,-2549.24975585938,-67.5830154418945,120.901138305664,-2494.607421875,NA,NA,NA,-32.7744140625,12.9264793395996,-2483.36938476562
59.3113250732422,188.348846435547,-2501.84375,25.3087825775146,182.987457275391,-2502.04028320312,-4.04012584686279,70.5972518920898,-2549.9853515625,-68.0255355834961,120.937675476074,-2494.88037109375,NA,NA,NA,-33.0821533203125,12.8084297180176,-2483.4765625
57.2874984741211,189.666168212891,-2502.52734375,23.3845882415771,183.878173828125,-2502.54663085938,-4.66742277145386,71.3460083007812,-2550.68725585938,-68.482795715332,120.946846008301,-2495.05517578125,NA,NA,NA,-33.3763046264648,12.7020015716553,-2483.57153320312
55.1987266540527,190.936309814453,-2503.044921875,21.4099788665771,184.712295532227,-2502.94360351562,-5.22933626174927,72.0458297729492,-2551.39111328125,-68.9421997070312,120.898109436035,-2495.28759765625,NA,NA,NA,-33.6689033508301,12.6069269180298,-2483.67065429688
53.141544342041,192.091949462891,-2503.45825195312,19.461519241333,185.444427490234,-2503.26586914062,-5.6986870765686,72.6764602661133,-2552.05151367188,-69.4074096679688,120.818077087402,-2495.53051757812,NA,NA,NA,-33.9615821838379,12.5207643508911,-2483.77124023438
51.1846885681152,193.078811645508,-2503.904296875,17.6567764282227,186.049789428711,-2503.556640625,-6.08670234680176,73.2159271240234,-2552.61083984375,-69.8748321533203,120.724052429199,-2495.76782226562,NA,NA,NA,-34.2265129089355,12.4420623779297,-2483.8857421875
49.4230690002441,193.831588745117,-2504.29760742188,16.0273933410645,186.510269165039,-2503.80908203125,-6.4248948097229,73.6102981567383,-2553.16674804688,-70.3310928344727,120.62865447998,-2496.03515625,NA,NA,NA,-34.4513092041016,12.364631652832,-2483.9921875
47.9489631652832,194.323715209961,-2504.66625976562,14.6630249023438,186.792922973633,-2504.1025390625,-6.69223070144653,73.850830078125,-2553.55102539062,-70.7681503295898,120.545310974121,-2496.32250976562,NA,NA,NA,-34.6081047058105,12.2799425125122,-2484.07177734375
46.776538848877,194.556198120117,-2504.98876953125,13.5994625091553,186.898101806641,-2504.36767578125,-6.90076541900635,73.9329299926758,-2553.92041015625,-71.1919708251953,120.468154907227,-2496.65307617188,NA,NA,NA,-34.7166061401367,12.1966047286987,-2484.1630859375
45.9690437316895,194.512680053711,-2505.2724609375,12.8606014251709,186.819046020508,-2504.64624023438,-7.03912973403931,73.8468627929688,-2554.24975585938,-71.5707778930664,120.401252746582,-2497.03002929688,NA,NA,NA,-34.7687606811523,12.1178016662598,-2484.25244140625
45.4905738830566,194.204711914062,-2505.5068359375,12.4316453933716,186.574951171875,-2504.85424804688,-7.08586025238037,73.6202926635742,-2554.45190429688,-71.9167709350586,120.325202941895,-2497.45703125,NA,NA,NA,-34.80517578125,12.0276145935059,-2484.3544921875
45.2924003601074,193.672286987305,-2505.59594726562,12.2780523300171,186.16438293457,-2505.0166015625,-7.01881313323975,73.2505722045898,-2554.67333984375,-72.2266845703125,120.207374572754,-2497.94750976562,NA,NA,NA,-34.8451805114746,11.9103841781616,-2484.47192382812
45.3444595336914,192.955352783203,-2505.611328125,12.3675413131714,185.62043762207,-2505.12353515625,-6.81502199172974,72.7560043334961,-2554.73828125,-72.4762268066406,120.041244506836,-2498.45385742188,NA,NA,NA,-34.8200378417969,11.7861700057983,-2484.60498046875
45.5969314575195,192.092468261719,-2505.4853515625,12.6526832580566,184.959655761719,-2505.09838867188,-6.48485612869263,72.1468048095703,-2554.69018554688,-72.6656646728516,119.837799072266,-2498.92041015625,NA,NA,NA,-34.7319183349609,11.632719039917,-2484.75634765625
46.0087509155273,191.124588012695,-2505.20336914062,13.0944328308105,184.207672119141,-2504.99145507812,-5.99818849563599,71.4550399780273,-2554.62426757812,-72.7836685180664,119.589950561523,-2499.34643554688,NA,NA,NA,-34.6133041381836,11.4107084274292,-2484.89697265625
46.5751571655273,190.07568359375,-2504.80615234375,13.6865491867065,183.388793945312,-2504.80029296875,-5.37289190292358,70.7059326171875,-2554.45849609375,-72.8233947753906,119.30965423584,-2499.72607421875,NA,NA,NA,-34.505558013916,11.1210060119629,-2485.03515625
47.2420616149902,188.978393554688,-2504.28588867188,14.3899774551392,182.525421142578,-2504.50048828125,-4.63473033905029,69.9109039306641,-2554.19702148438,-72.7896194458008,119.005226135254,-2500.07641601562,NA,NA,NA,-34.4438285827637,10.8054904937744,-2485.20458984375
48.0061912536621,187.865707397461,-2503.67602539062,15.1884317398071,181.653579711914,-2504.14721679688,-3.7932825088501,69.0755233764648,-2553.8984375,-72.6773834228516,118.674659729004,-2500.36303710938,NA,NA,NA,-34.4018249511719,10.510383605957,-2485.37622070312
48.8062057495117,186.737258911133,-2503.00610351562,16.0343685150146,180.775726318359,-2503.74609375,-2.88457727432251,68.1902770996094,-2553.4208984375,-72.5137786865234,118.330085754395,-2500.62768554688,NA,NA,NA,-34.3686218261719,10.2420654296875,-2485.52734375
49.6020965576172,185.630569458008,-2502.24829101562,16.8970317840576,179.892181396484,-2503.25830078125,-1.92998123168945,67.2812194824219,-2552.84936523438,-72.3055572509766,117.980461120605,-2500.88696289062,NA,NA,NA,-34.3382911682129,9.99898719787598,-2485.64794921875
50.3810691833496,184.570861816406,-2501.42163085938,17.7365436553955,179.018920898438,-2502.6533203125,-0.949008345603943,66.3656845092773,-2552.12548828125,-72.0859375,117.622619628906,-2501.07934570312,NA,NA,NA,-34.3191261291504,9.77045154571533,-2485.74536132812
51.115291595459,183.548477172852,-2500.4658203125,18.5202102661133,178.177932739258,-2501.98828125,0.0548563078045845,65.4787445068359,-2551.33203125,-71.8455123901367,117.277763366699,-2501.197265625,NA,NA,NA,-34.3211555480957,9.53945064544678,-2485.80297851562
51.789379119873,182.614364624023,-2499.44140625,19.2455654144287,177.392639160156,-2501.24047851562,1.03178381919861,64.6322250366211,-2550.50732421875,-71.5816116333008,116.938285827637,-2501.2763671875,NA,NA,NA,-34.3342514038086,9.30252265930176,-2485.818359375
52.3552551269531,181.768829345703,-2498.39819335938,19.8948936462402,176.66552734375,-2500.42138671875,1.98397707939148,63.8394508361816,-2549.56079101562,-71.3156127929688,116.612686157227,-2501.30786132812,NA,NA,NA,-34.3461532592773,9.06672096252441,-2485.83374023438
52.7735748291016,180.991775512695,-2497.31420898438,20.4514751434326,175.9931640625,-2499.57177734375,2.88565301895142,63.1349639892578,-2548.61889648438,-71.0249938964844,116.301643371582,-2501.37182617188,NA,NA,NA,-34.353443145752,8.84539794921875,-2485.84326171875
53.0064392089844,180.315505981445,-2496.2841796875,20.872766494751,175.382232666016,-2498.63720703125,3.71549534797668,62.5141220092773,-2547.71459960938,-70.7219085693359,116.002906799316,-2501.3544921875,NA,NA,NA,-34.3655204772949,8.66564846038818,-2485.81567382812
53.0244140625,179.730743408203,-2495.44848632812,21.1443252563477,174.828842163086,-2497.68603515625,4.5043478012085,61.988353729248,-2546.74755859375,-70.4216079711914,115.742652893066,-2501.28637695312,NA,NA,NA,-34.3852462768555,8.55534076690674,-2485.80834960938
52.8272819519043,179.214294433594,-2494.87524414062,21.2562122344971,174.322814941406,-2496.83276367188,5.2567081451416,61.5546607971191,-2545.80737304688,-70.1421661376953,115.52986907959,-2501.1728515625,NA,NA,NA,-34.4023780822754,8.51388072967529,-2485.845703125
52.4570121765137,178.826019287109,-2494.45532226562,21.2064304351807,173.905624389648,-2495.96630859375,5.96318531036377,61.2270164489746,-2544.82397460938,-69.9055557250977,115.383422851562,-2501.04711914062,NA,NA,NA,-34.3568878173828,8.54100131988525,-2485.93530273438
52.0086097717285,178.554870605469,-2494.1123046875,21.0759468078613,173.596145629883,-2495.234375,6.61856508255005,60.9919052124023,-2543.91821289062,-69.7091903686523,115.318077087402,-2500.921875,NA,NA,NA,-34.2374496459961,8.62984085083008,-2486.01953125
51.5116424560547,178.404098510742,-2493.8779296875,20.8848247528076,173.417755126953,-2494.65283203125,7.19837808609009,60.8532638549805,-2543.021484375,-69.5373458862305,115.317939758301,-2500.79931640625,NA,NA,NA,-34.3639793395996,8.72900485992432,-2486.25341796875
50.9661178588867,178.418731689453,-2493.70458984375,20.641788482666,173.38117980957,-2494.17211914062,7.74239921569824,60.8476943969727,-2542.28784179688,-69.3734436035156,115.350830078125,-2500.6396484375,NA,NA,NA,-34.6290893554688,8.83843326568604,-2486.35424804688
50.4107933044434,178.567596435547,-2493.67456054688,20.3356952667236,173.46842956543,-2493.826171875,8.23168277740479,60.9514961242676,-2541.68432617188,-69.2235260009766,115.368621826172,-2500.4541015625,NA,NA,NA,-34.7970962524414,9.0437707901001,-2486.10961914062
49.8303260803223,178.854431152344,-2493.85961914062,19.9814014434814,173.669052124023,-2493.6630859375,8.6325740814209,61.1222724914551,-2541.14916992188,-69.0996551513672,115.353904724121,-2500.25927734375,NA,NA,NA,-34.8353652954102,9.2437105178833,-2485.87719726562
49.2238807678223,179.251525878906,-2494.24877929688,19.5702228546143,173.961029052734,-2493.69921875,8.92384624481201,61.3280487060547,-2540.81665039062,-68.9913787841797,115.336952209473,-2500.05859375,NA,NA,NA,-34.8506088256836,9.40296363830566,-2485.75317382812
48.5371208190918,179.709884643555,-2494.90942382812,19.1160526275635,174.310836791992,-2493.9228515625,9.0604419708252,61.5903549194336,-2540.62377929688,-68.9440536499023,115.338302612305,-2499.90307617188,NA,NA,NA,-34.9202499389648,9.57102203369141,-2485.61352539062
47.7854080200195,180.236724853516,-2495.83422851562,18.5999507904053,174.689224243164,-2494.36865234375,9.02706146240234,61.876880645752,-2540.58984375,-68.9776382446289,115.359642028809,-2499.77416992188,NA,NA,NA,-34.9951820373535,9.78790187835693,-2485.4599609375
47.0226631164551,180.809188842773,-2496.95166015625,18.0401611328125,175.101440429688,-2494.88989257812,8.80185127258301,62.1845169067383,-2540.7890625,-69.0837554931641,115.402275085449,-2499.68310546875,NA,NA,NA,-35.084056854248,10.0201425552368,-2485.31689453125
46.2870216369629,181.376510620117,-2498.09375,17.4584522247314,175.55061340332,-2495.53466796875,8.39971446990967,62.5365829467773,-2541.09985351562,-69.2558288574219,115.48860168457,-2499.60791015625,NA,NA,NA,-35.2007713317871,10.2440557479858,-2485.25024414062
45.6003265380859,181.925537109375,-2499.18920898438,16.8914451599121,176.045257568359,-2496.2236328125,7.82297611236572,62.9627227783203,-2541.64184570312,-69.4821701049805,115.646789550781,-2499.59912109375,NA,NA,NA,-35.267822265625,10.456582069397,-2485.28442382812
44.9167327880859,182.473251342773,-2500.20532226562,16.3161964416504,176.555252075195,-2496.8662109375,7.08215761184692,63.5066452026367,-2542.28686523438,-69.7963027954102,115.885940551758,-2499.64721679688,NA,NA,NA,-35.2892227172852,10.6245670318604,-2485.36596679688
44.2302284240723,183.032348632812,-2501.10668945312,15.7244234085083,177.067886352539,-2497.4267578125,6.20915651321411,64.1486892700195,-2543.10205078125,-70.1683502197266,116.19376373291,-2499.69213867188,NA,NA,NA,-35.335521697998,10.7403688430786,-2485.4482421875
43.575553894043,183.561309814453,-2501.93090820312,15.1565189361572,177.575653076172,-2497.87231445312,5.24983930587769,64.8713302612305,-2544.05786132812,-70.5806503295898,116.536491394043,-2499.8193359375,NA,NA,NA,-35.4295616149902,10.8287153244019,-2485.52392578125
43.0197410583496,184.035140991211,-2502.6826171875,14.6721858978271,178.03434753418,-2498.29370117188,4.21516180038452,65.6549835205078,-2545.14575195312,-71.0058517456055,116.888740539551,-2499.93090820312,NA,NA,NA,-35.5655860900879,10.9002809524536,-2485.58447265625
42.5889892578125,184.42138671875,-2503.37133789062,14.2962799072266,178.454925537109,-2498.66674804688,3.11339998245239,66.4270477294922,-2546.17626953125,-71.4212265014648,117.243911743164,-2500.11840820312,NA,NA,NA,-35.715145111084,10.9513893127441,-2485.6318359375
42.252815246582,184.734756469727,-2504.04272460938,13.9812183380127,178.805816650391,-2499.095703125,1.97820127010345,67.1354293823242,-2547.21459960938,-71.809700012207,117.562934875488,-2500.29077148438,NA,NA,NA,-35.8487205505371,10.9663410186768,-2485.6787109375
41.9532737731934,184.978073120117,-2504.72778320312,13.7080516815186,179.110748291016,-2499.56005859375,0.914802014827728,67.7477951049805,-2548.26635742188,-72.165641784668,117.835678100586,-2500.46655273438,NA,NA,NA,-35.9588661193848,10.9487104415894,-2485.74169921875
41.6301231384277,185.191040039062,-2505.4892578125,13.4214553833008,179.377746582031,-2500.10473632812,-0.0635841935873032,68.2524185180664,-2549.14135742188,-72.5180740356445,118.036888122559,-2500.66845703125,NA,NA,NA,-36.0720901489258,10.9067859649658,-2485.80834960938
41.257984161377,185.414245605469,-2506.2783203125,13.0755672454834,179.602737426758,-2500.71948242188,-0.885397791862488,68.6143493652344,-2549.97412109375,-72.8522644042969,118.165946960449,-2500.86645507812,NA,NA,NA,-36.1782684326172,10.8483848571777,-2485.90844726562
40.8466911315918,185.656890869141,-2507.09423828125,12.7105951309204,179.808197021484,-2501.37866210938,-1.53694307804108,68.8388366699219,-2550.705078125,-73.1521911621094,118.227210998535,-2501.08374023438,NA,NA,NA,-36.275218963623,10.7787504196167,-2486.04833984375
40.382682800293,185.921997070312,-2507.93408203125,12.2870941162109,180.00114440918,-2502.05346679688,-2.02719068527222,68.9442520141602,-2551.28173828125,-73.438362121582,118.217483520508,-2501.31811523438,NA,NA,NA,-36.3107719421387,10.6823024749756,-2486.30029296875
39.9216728210449,186.202346801758,-2508.73852539062,11.8635530471802,180.196350097656,-2502.72900390625,-2.3555793762207,68.9608840942383,-2551.69873046875,-73.6857528686523,118.134246826172,-2501.60913085938,NA,NA,NA,-36.1511840820312,10.5912809371948,-2486.53564453125
39.4630584716797,186.519744873047,-2509.52368164062,11.451789855957,180.404907226562,-2503.345703125,-2.48012781143188,68.9415512084961,-2552.0341796875,-73.9563064575195,118.010780334473,-2501.90649414062,NA,NA,NA,-36.046558380127,10.5110664367676,-2486.78759765625
39.0517044067383,186.894149780273,-2510.18481445312,11.0819644927979,180.62043762207,-2503.93603515625,-2.40559959411621,68.9344940185547,-2552.31420898438,-74.1556854248047,117.873176574707,-2502.23803710938,NA,NA,NA,-36.1602592468262,10.3364248275757,-2487.02514648438
38.7168312072754,187.279342651367,-2510.73217773438,10.7992124557495,180.834976196289,-2504.42700195312,-2.13453888893127,68.9539337158203,-2552.587890625,-74.2840576171875,117.734397888184,-2502.53002929688,NA,NA,NA,-36.3004875183105,10.2145986557007,-2486.96069335938
38.4664840698242,187.682388305664,-2511.20288085938,10.5898113250732,181.052108764648,-2504.85034179688,-1.7823189496994,68.9933853149414,-2552.80639648438,-74.3089218139648,117.558708190918,-2502.71142578125,NA,NA,NA,-36.3718643188477,10.168327331543,-2486.7470703125
38.2946510314941,188.090682983398,-2511.6162109375,10.4608631134033,181.285095214844,-2505.20239257812,-1.3815701007843,69.0356674194336,-2552.99487304688,-74.2386169433594,117.34326171875,-2502.81640625,NA,NA,NA,-36.376953125,10.0960397720337,-2486.6083984375
38.1778755187988,188.502975463867,-2511.95141601562,10.369517326355,181.523223876953,-2505.54931640625,-1.04974961280823,69.088623046875,-2553.13696289062,-74.1651458740234,117.135047912598,-2502.91674804688,NA,NA,NA,-36.4319763183594,10.0059175491333,-2486.54370117188
38.0758285522461,188.900085449219,-2512.25903320312,10.2940359115601,181.765213012695,-2505.86181640625,-0.808025896549225,69.1617660522461,-2553.26147460938,-74.142936706543,116.991844177246,-2503.02075195312,NA,NA,NA,-36.5713081359863,9.92827796936035,-2486.55029296875
37.9770088195801,189.266143798828,-2512.53149414062,10.2148847579956,181.994003295898,-2506.07153320312,-0.689289748668671,69.2520980834961,-2553.34228515625,-74.1748199462891,116.917808532715,-2503.13330078125,NA,NA,NA,-36.7304840087891,9.90738201141357,-2486.61474609375
37.8749885559082,189.578521728516,-2512.7431640625,10.1323232650757,182.204391479492,-2506.23852539062,-0.723560094833374,69.357063293457,-2553.43579101562,-74.249626159668,116.92244720459,-2503.18774414062,NA,NA,NA,-36.8649826049805,9.91323375701904,-2486.6943359375
37.7726669311523,189.825759887695,-2512.89086914062,10.0484523773193,182.386932373047,-2506.32934570312,-0.889638125896454,69.5023803710938,-2553.53002929688,-74.3374557495117,116.995498657227,-2503.24047851562,NA,NA,NA,-36.9879570007324,9.8646183013916,-2486.76879882812
37.6584129333496,190.022048950195,-2512.9423828125,9.94461441040039,182.537338256836,-2506.35131835938,-1.15941476821899,69.7161331176758,-2553.703125,-74.4364547729492,117.122512817383,-2503.2685546875,NA,NA,NA,-37.1285438537598,9.74928951263428,-2486.81860351562
37.5256423950195,190.175582885742,-2512.89208984375,9.82016372680664,182.665893554688,-2506.27221679688,-1.54082572460175,69.9706420898438,-2553.91870117188,-74.5348358154297,117.26904296875,-2503.2587890625,NA,NA,NA,-37.2598419189453,9.61126232147217,-2486.84448242188
37.3824768066406,190.296569824219,-2512.76342773438,9.67389011383057,182.765090942383,-2506.11499023438,-1.97886383533478,70.2731704711914,-2554.23046875,-74.6296081542969,117.401702880859,-2503.23315429688,NA,NA,NA,-37.3812942504883,9.48812675476074,-2486.83129882812
37.2066612243652,190.398635864258,-2512.59838867188,9.49426937103271,182.837295532227,-2505.89990234375,-2.50271725654602,70.5946884155273,-2554.509765625,-74.727783203125,117.506141662598,-2503.21997070312,NA,NA,NA,-37.4881553649902,9.40363121032715,-2486.77563476562
37.0058860778809,190.496109008789,-2512.40869140625,9.30303764343262,182.888763427734,-2505.65161132812,-3.06621885299683,70.9058303833008,-2554.87768554688,-74.8109588623047,117.601119995117,-2503.18603515625,NA,NA,NA,-37.5669136047363,9.35824680328369,-2486.68432617188
36.7487487792969,190.594970703125,-2512.21313476562,9.06980323791504,182.927398681641,-2505.42309570312,-3.64047527313232,71.1917953491211,-2555.14526367188,-74.9006958007812,117.703826904297,-2503.1611328125,NA,NA,NA,-37.633846282959,9.33176612854004,-2486.59716796875
36.4885673522949,190.708618164062,-2512.0400390625,8.82452487945557,182.948211669922,-2505.20239257812,-4.18988370895386,71.4591903686523,-2555.39233398438,-74.9521255493164,117.826873779297,-2503.13037109375,NA,NA,NA,-37.6932792663574,9.30383205413818,-2486.53051757812
36.2161521911621,190.843109130859,-2511.88549804688,8.59161567687988,182.969512939453,-2505.00317382812,-4.70446872711182,71.6753158569336,-2555.65307617188,-74.9929656982422,117.961891174316,-2503.07421875,NA,NA,NA,-37.7644271850586,9.26014423370361,-2486.5576171875
35.940746307373,191.006118774414,-2511.75439453125,8.35934257507324,183.003799438477,-2504.84497070312,-5.18966436386108,71.8571243286133,-2555.85180664062,-75.053466796875,118.084197998047,-2503.02319335938,NA,NA,NA,-37.787353515625,9.19304180145264,-2486.78588867188
35.7039794921875,191.202972412109,-2511.61328125,8.13340473175049,183.06755065918,-2504.70751953125,-5.56711578369141,72.0381088256836,-2556.00708007812,-75.1359786987305,118.170227050781,-2503.00317382812,NA,NA,NA,-37.5636596679688,9.12036418914795,-2487.0625
35.4680938720703,191.46369934082,-2511.4033203125,7.92092609405518,183.18830871582,-2504.54833984375,-5.84347200393677,72.2384185791016,-2556.13354492188,-75.2601089477539,118.235824584961,-2503.01684570312,NA,NA,NA,-37.3515434265137,9.06980514526367,-2487.37084960938
35.2581901550293,191.818786621094,-2511.14233398438,7.73796653747559,183.371520996094,-2504.34375,-5.90897560119629,72.4769515991211,-2556.2119140625,-75.3527526855469,118.316520690918,-2503.041015625,NA,NA,NA,-37.3774375915527,8.93409442901611,-2487.66772460938
35.0956153869629,192.267990112305,-2510.77490234375,7.59460258483887,183.583099365234,-2504.14428710938,-5.77520513534546,72.7801742553711,-2556.41162109375,-75.3772048950195,118.411460876465,-2503.04711914062,NA,NA,NA,-37.4163475036621,8.83745765686035,-2487.65991210938
34.9934844970703,192.79736328125,-2510.359375,7.51166582107544,183.841354370117,-2503.896484375,-5.4746561050415,73.1343307495117,-2556.49926757812,-75.303337097168,118.45581817627,-2503.03955078125,NA,NA,NA,-37.3616371154785,8.82241153717041,-2487.5146484375
34.9867477416992,193.399475097656,-2509.95385742188,7.5211877822876,184.184326171875,-2503.65698242188,-5.08682346343994,73.5259323120117,-2556.69018554688,-75.1500625610352,118.418273925781,-2503.02294921875,NA,NA,NA,-37.204891204834,8.77051258087158,-2487.4716796875
35.0395355224609,194.083908081055,-2509.60717773438,7.58299493789673,184.625579833984,-2503.46923828125,-4.66161727905273,73.9607086181641,-2556.69921875,-74.9907150268555,118.342407226562,-2502.98999023438,NA,NA,NA,-37.0783958435059,8.68477153778076,-2487.51440429688
35.1436195373535,194.843154907227,-2509.32885742188,7.69594717025757,185.153411865234,-2503.3017578125,-4.22391366958618,74.4529418945312,-2556.6787109375,-74.8544692993164,118.277969360352,-2502.93090820312,NA,NA,NA,-36.9975280761719,8.60837650299072,-2487.56762695312
35.2879486083984,195.717132568359,-2509.06030273438,7.84338331222534,185.785675048828,-2503.16479492188,-3.77631974220276,75.0008773803711,-2556.6494140625,-74.7481536865234,118.25252532959,-2502.85083007812,NA,NA,NA,-36.9228630065918,8.57677459716797,-2487.61083984375
35.4742240905762,196.716033935547,-2508.81372070312,8.01953887939453,186.540588378906,-2503.05249023438,-3.27026700973511,75.6059951782227,-2556.5068359375,-74.6452178955078,118.257286071777,-2502.73559570312,NA,NA,NA,-36.8546104431152,8.60021877288818,-2487.60986328125
35.7355117797852,197.911666870117,-2508.60815429688,8.24892616271973,187.478256225586,-2502.9765625,-2.68413686752319,76.3006896972656,-2556.3251953125,-74.5343170166016,118.298530578613,-2502.60522460938,NA,NA,NA,-36.7956733703613,8.65235996246338,-2487.5830078125
36.1015663146973,199.321884155273,-2508.51806640625,8.52684020996094,188.647857666016,-2503.11865234375,-1.98527669906616,77.107048034668,-2556.08276367188,-74.4116821289062,118.363037109375,-2502.44091796875,NA,NA,NA,-36.7134628295898,8.70063018798828,-2487.55639648438
36.5666542053223,201.002044677734,-2508.50756835938,8.83954429626465,190.111877441406,-2503.40283203125,-1.12729036808014,78.0824890136719,-2555.86010742188,-74.2744674682617,118.43123626709,-2502.2880859375,NA,NA,NA,-36.5764198303223,8.74636745452881,-2487.53173828125
37.0457153320312,203.018417358398,-2508.68920898438,9.14174652099609,191.934875488281,-2503.84399414062,-0.0975994169712067,79.2957534790039,-2555.611328125,-74.1132278442383,118.484329223633,-2502.11962890625,NA,NA,NA,-36.4125823974609,8.81563186645508,-2487.44750976562
37.3458671569824,205.539245605469,-2509.0361328125,9.27974700927734,194.185211181641,-2504.5107421875,1.0862021446228,80.8210296630859,-2555.37060546875,-73.8982086181641,118.517890930176,-2501.93701171875,NA,NA,NA,-36.2348480224609,8.93519878387451,-2487.29663085938
37.2380676269531,208.698425292969,-2509.58471679688,9.12075805664062,196.894393920898,-2505.36669921875,2.39444470405579,82.7213897705078,-2555.21899414062,-73.6283950805664,118.570365905762,-2501.7060546875,NA,NA,NA,-36.0708389282227,9.11287879943848,-2487.08715820312
36.4391555786133,212.534790039062,-2510.33959960938,8.41785526275635,200.036972045898,-2506.20874023438,3.76009082794189,85.0845489501953,-2555.08764648438,-73.3078308105469,118.680801391602,-2501.41333007812,NA,NA,NA,-35.9260940551758,9.32799243927002,-2486.84375
34.8272857666016,216.918701171875,-2511.3271484375,7.06192684173584,203.579010009766,-2507.078125,5.14070558547974,87.9472503662109,-2555.09155273438,-72.9040145874023,118.863464355469,-2501.0556640625,NA,NA,NA,-35.798583984375,9.54732894897461,-2486.59741210938
32.3193969726562,221.869506835938,-2512.35717773438,4.91484546661377,207.405502319336,-2507.90625,6.4241418838501,91.3209075927734,-2555.17895507812,-72.4703674316406,119.107734680176,-2500.6572265625,NA,NA,NA,-35.6895484924316,9.73349571228027,-2486.34301757812
29.2621955871582,226.962203979492,-2513.62890625,2.26168131828308,211.36686706543,-2508.90991210938,7.52984428405762,95.1227340698242,-2555.39990234375,-72.0378570556641,119.386528015137,-2500.29931640625,NA,NA,NA,-35.5606117248535,9.86172962188721,-2486.11889648438
25.7637424468994,232.248809814453,-2515.03540039062,-0.904225945472717,215.530838012695,-2510.06860351562,8.39825439453125,99.2285385131836,-2555.73022460938,-71.638069152832,119.67106628418,-2500.0029296875,NA,NA,NA,-35.405158996582,9.92449569702148,-2485.9189453125
21.6492710113525,237.723022460938,-2516.46044921875,-4.59700107574463,219.643035888672,-2511.29516601562,9.0009651184082,103.546768188477,-2556.21435546875,-71.3806991577148,119.947334289551,-2499.81518554688,-61.5875816345215,85.4860763549805,-2483.57348632812,-35.2286224365234,9.9329252243042,-2485.75170898438
16.9285678863525,243.090393066406,-2518.06958007812,-8.8348913192749,223.931198120117,-2512.58837890625,9.3143892288208,107.990539550781,-2556.77416992188,-71.2967834472656,120.221984863281,-2499.79907226562,-61.0597343444824,85.7063140869141,-2483.5810546875,-35.0394744873047,9.90523242950439,-2485.623046875
11.371639251709,248.498657226562,-2519.53515625,-13.6779174804688,228.30598449707,-2513.94506835938,9.27758121490479,112.605445861816,-2557.45556640625,-71.3340377807617,120.491981506348,-2499.96484375,-60.6637878417969,85.9070205688477,-2484.09545898438,-34.8804893493652,9.85241508483887,-2485.54077148438
5.0854606628418,253.762939453125,-2520.857421875,-19.1782207489014,232.54655456543,-2515.13500976562,8.81439590454102,117.466758728027,-2558.16943359375,-71.5259628295898,120.746070861816,-2500.26977539062,-60.3243293762207,86.1791458129883,-2484.92236328125,-34.7660331726074,9.78363227844238,-2485.49487304688
-1.86936688423157,258.824584960938,-2521.8828125,-25.2041244506836,236.515731811523,-2515.9189453125,7.90494203567505,122.475868225098,-2559.14599609375,-71.8568725585938,120.984985351562,-2500.6689453125,-60.0339050292969,86.4098281860352,-2485.37719726562,-34.7047348022461,9.71339321136475,-2485.48803710938
-9.30675983428955,263.430694580078,-2522.53466796875,-31.6770725250244,240.076080322266,-2516.37060546875,6.36406183242798,127.574089050293,-2560.23950195312,-72.2697448730469,121.040946960449,-2500.73095703125,-59.780460357666,86.3149108886719,-2484.13500976562,-34.689380645752,9.64483547210693,-2485.5244140625
-16.9204025268555,267.496795654297,-2522.6689453125,-38.3888816833496,243.218994140625,-2516.25805664062,3.97495269775391,132.713943481445,-2561.38427734375,-72.7465209960938,120.822959899902,-2500.39965820312,-59.7199592590332,86.5225219726562,-2484.88427734375,-34.6943588256836,9.56882762908936,-2485.57421875
-24.510534286499,271.043914794922,-2522.10498046875,-45.114933013916,245.961242675781,-2515.48657226562,0.75189208984375,137.844757080078,-2562.48559570312,-74.0326614379883,120.751121520996,-2501.236328125,-59.5574989318848,86.7694778442383,-2485.56518554688,-34.7243614196777,9.48977279663086,-2485.66357421875
-31.8802909851074,274.190643310547,-2520.86865234375,-51.678955078125,248.348175048828,-2514.11987304688,-3.10120391845703,142.838317871094,-2563.4169921875,-74.7301788330078,120.990371704102,-2501.69873046875,-59.488655090332,87.103401184082,-2486.15234375,-34.761043548584,9.42975330352783,-2485.77514648438
-38.9753189086914,277.012359619141,-2518.76098632812,-57.9543342590332,250.434539794922,-2512.04565429688,-7.37187576293945,147.692749023438,-2564.11767578125,-75.5807723999023,121.743431091309,-2502.02465820312,-59.7038116455078,87.6507873535156,-2486.69653320312,-34.8325424194336,9.41828727722168,-2485.92700195312
-45.6407012939453,279.499176025391,-2515.87377929688,-63.7937850952148,252.234588623047,-2509.294921875,-11.7793493270874,152.334732055664,-2564.57153320312,-76.7273788452148,122.722862243652,-2502.341796875,-60.1579284667969,88.5366821289062,-2487.21923828125,-34.9704742431641,9.49057865142822,-2486.14428710938
-51.6545715332031,281.608520507812,-2512.21655273438,-69.0707321166992,253.770202636719,-2505.92993164062,-16.0576190948486,156.762130737305,-2564.74609375,-77.7823257446289,123.55004119873,-2502.60424804688,-60.6056785583496,89.7384948730469,-2487.31787109375,-35.1864738464355,9.65763187408447,-2486.39819335938
-56.848747253418,283.285247802734,-2508.0458984375,-73.6064147949219,254.98649597168,-2502.15161132812,-20.0093631744385,160.963607788086,-2564.58129882812,-78.3847732543945,124.004959106445,-2502.49267578125,-61.3384590148926,90.2990646362305,-2489.63793945312,-35.4721260070801,9.93182468414307,-2486.68115234375
-60.5316123962402,284.656616210938,-2503.80517578125,-76.7939147949219,256.130981445312,-2498.35693359375,-23.5214557647705,164.794982910156,-2564.23803710938,-79.2999954223633,124.155937194824,-2502.13256835938,-62.1026649475098,91.1505355834961,-2489.6416015625,-35.7781410217285,10.3130216598511,-2486.99072265625
-61.3220710754395,285.940643310547,-2500.43310546875,-77.7587280273438,257.619079589844,-2495.078125,-26.3734931945801,167.923767089844,-2563.68920898438,-79.992919921875,124.34912109375,-2501.84545898438,-62.5911407470703,91.8220138549805,-2489.54736328125,-36.0672569274902,10.7852430343628,-2487.25390625
-59.9241981506348,287.133514404297,-2497.7451171875,-76.8881301879883,259.210510253906,-2492.37280273438,-28.2149028778076,169.901779174805,-2563.22338867188,-80.4635467529297,124.584510803223,-2501.63134765625,-62.817455291748,92.3156585693359,-2489.51098632812,-36.2989692687988,11.3058729171753,-2487.43969726562
-57.8358535766602,288.328918457031,-2495.27490234375,-75.400993347168,260.59521484375,-2490.28686523438,-28.8785400390625,170.846832275391,-2562.8203125,-80.7118759155273,124.862106323242,-2501.490234375,-62.8435897827148,92.6415176391602,-2489.73046875,-36.4624671936035,11.8462924957275,-2487.50903320312
